task_id,item_id,text_label,label_human,bucket,specialty,rate,is_duplicate,label_human_note,rater_id,label_human_int
task01_00061,sent_000017,فعلا باید عک,0.0,topup_pref,جراح مغز و فلوشیپ دیسک و ستون فقرات,2.5,0,,,0.0
task01_00251,sent_000063,عمل تعویض مفصل زانو برای مادرم انجام دادن و بسیار عالی بود ایشون هم از نظر کاری هم شخصیتی بینهایت حرفه‌ای و بی‌نظیر هستن و کاش همه‌ی دکترای ما اینقد دلسوز و متعهد و شریف بودن,1.0,mixed,جراح و متخصص ارتوپدی,5.0,0,,,1.0
task01_00179,sent_000079,سرگیجه داشتم که الان برطرف شده,0.0,random,متخصص گوش و حلق و بینی,5.0,0,,,0.0
task01_00191,sent_000117,با حوصله معاینه می‌کنند فعلا در مرحله تشخیص آزمایشهای تخصصی نوشتند,1.0,rate_neg,متخصص مغز و اعصاب و ستون فقرات,2.5,0,,,1.0
task01_00192,sent_000158,سلام نوبت دهی خوب بود و منشی هم خیلی خوش‌برخورد ولی از رفتار و گفتار خود دکتر اصلا راضی نبودم,-1.0,service_neg,متخصص جراحی مغز و اعصاب,5.0,0,,,-1.0
task01_00161,sent_000199,بسیار با دقت و با حوصله ویزیت کردن و روند درمان روتوضیح دادن,1.0,topup_pref,متخصص گوش و حلق و بینی,5.0,0,,,1.0
task01_00825,sent_000215,با سلام همسرم بیماری کره هانتینکتون داره حالا خیلی بدتر شده ونمیدانم چاره چیسن,-1.0,high_neg,متخصص مغز و اعصاب و ستون فقرات,5.0,0,,,-1.0
task01_00187,sent_000233,دکتر خوش برخوردی هست یک‌بار فعلا خدمتش رفتم نوبت بعدی هم دارم,0.0,service_neg,جراح و متخصص زنان و زایمان - فلوشیپ نازایی,2.5,0,,,0.0
task01_00097,sent_000241,در حال حاضر تحت درمانم,0.0,topup_pref,متخصص مغز و اعصاب و ستون فقرات,2.5,0,,,0.0
task01_00568,sent_000242,بخاطر‌ام اس مراجعه می‌کنم پیششون بسیارخوش اخلاق و مهربونن البته کاش انقد ویزیت مطب رو گرون نکنن درکل خیلی دکتر خوبین,1.0,high_neg,متخصص مغز و اعصاب ( نورولوژی ),2.5,0,,,1.0
task01_00302,sent_000255,تاندوم دستم مشکل داشته,0.0,topup_pref,متخصص ارتوپدی - جراح استخوان و مفاصل و ستون فقرات,2.5,0,,,0.0
task01_00075,sent_000267,چکاو و سنجش گوش,0.0,rate_neg,جراح گوش ، حلق و بینی,2.5,0,,,0.0
task01_00044,sent_000268,من راضی نبودم,-1.0,high_neg,متخصص ارتوپدی ( جراح استخوان و مفاصل ),2.5,0,,,-1.0
task01_00234,sent_000278,مشکل درد گردن داشتم و فعلا با اولین ویزیت اوضاع بهتری دارم,0.0,topup_pref,متخصص ارتوپدی و جراح ستون فقرات,5.0,0,,,0.0
task01_00481,sent_000281,پسوریازیس هنوزنتیجه نگرفتم,0.0,high_neg,متخصص پوست و مو ، لیزر,2.5,0,,,0.0
task01_00066,sent_000301,معطلی زیاد داشتیم درحد 4 ساعت ولی برخورد دکتر با حوصله و دقت و تشخیص بالا بود پسرم الان تحت درمان هستش,1.0,high_neg,جراح و متخصص استخوان و مفاصل (ارتوپد),2.5,0,,,1.0
task01_00201,sent_000337,درد عصبی و ارتورز,0.0,rate_neg,متخصص جراحی استخوان و مفاصل ارتوپدی,2.5,0,,,0.0
task01_00105,sent_000356,خیلی خوبه عالی همیشه براش دعا می‌کنیم خانم طالبی هستم,1.0,high_pos,متخصص گوش حلق و بینی,5.0,0,,,1.0
task01_00322,sent_000365,دخترم لوزه سوم داشت زیرنظرش بود,0.0,rate_neg,متخصص گوش و حلق و بینی و جراحی سر و گردن,2.5,0,,,0.0
task01_00032,sent_000380,نسبتا خو,0.0,rate_neg,متخصص مغز و اعصاب ( نورولوژی ),2.5,1,,,0.0
task01_00262,sent_000384,بسیار خانم دکتر مهربون و با دقت بهت گوش میده و استرس نمیده من مطب تهرانپارس ویزیت شدم منشی بسیار مهربان و با مسئولیتی دارن,1.0,topup_pref,متخصص و جراح زنان و زایمان ، نازایی - دارای بورد تخصصی,5.0,0,,,1.0
task01_00250,sent_000394,من دچار اگزما ناحیه لب شده بودم سه ماه درگیرش بودم با یه پماد یک روزه درمان شدم فقط اونروز مطب خیلی شلوغ بود و سر نوبتم نتونستم برم داخل,1.0,mixed,متخصص پوست و مو ، زیبایی و لیزر,5.0,0,,,1.0
task01_00642,sent_000402,خیلی خوب بود ولی بسیار ویزیت بالایی می‌گرفت,1.0,high_neg,متخصص زنان زایمان,2.5,0,,,1.0
task01_00853,sent_000420,منتظر جلسه دوم هستم,0.0,high_neg,متخصص ارتوپدی ( جراح استخوان و مفاصل ),2.5,0,,,0.0
task01_00177,sent_000423,سکته گوشز,0.0,rate_neg,متخصص گوش حلق بینی و جراحی سر و گردن,2.5,0,,,0.0
task01_00312,sent_000426,سلام دکتر آرام و متینی هستند با حوصله هستند دخترم هنوز در پروسه درمان است و انشالله منتظر نتیجه هستیم ایرادی که می‌شود بر کار ایشان گرفت که از این ماه نسخه الکترونیک ثبت نمی‌کنند و معتقدند که مربوط به زیبایی است در صورتیکه ما هر ماه برای بیمه تکمیلی هزینه پرداخت می‌کنیم و شرط استفاده از بیمه ثبت نسخه الکترونیک است که عدم ثبت آن به ضرر بیمار است,1.0,high_neg,متخصص پوست ، مو ، لیزر و زیبایی,2.5,0,,,1.0
task01_00176,sent_000436,فعلا نتیجه‌ای نگرفتیم,0.0,topup_pref,فوق تخصص مغز و اعصاب کودکان ، استاد دانشگاه,2.5,0,,,0.0
task01_00259,sent_000469,مشکل زانو هنوز در جریان درمان,0.0,topup_pref,جراح و متخصص ارتوپدی - فلوشیپ جراحی زانو,2.5,0,,,0.0
task01_00181,sent_000479,من برای درد دستم رفتم برخورد خوبی داشت,1.0,rate_neg,جراح و متخصص ارتوپدی,2.5,0,,,1.0
task01_00286,sent_000527,سلام خانم دکتر با اخلاق و مومن که با حوصله به حرفهای من گوشداد و به من آرامش داد متشکرم توصیه می‌کنم حتما ویزیت بشید توسط ایشون,1.0,topup_pref,متخصص جراحی زنان و زایمان و نازایی,5.0,0,,,1.0
task01_00023,sent_000548,من مشکل پوستی در کشاله ران داشتم و اگزاما دکتر‌های زیادی رفتم که اصلا فایده نداشت با یک نسخه ایشان کاملا خوب شدم عالی عالی عالی ممنونم از ایشون,1.0,mixed,متخصص پوست و مو و زیبایی,5.0,0,,,1.0
task01_00170,sent_000567,تحت درمان اندامتریو ز,0.0,rate_neg,جراح و متخصص زنان و زایمان,2.5,0,,,0.0
task01_00581,sent_000592,قرص‌های که می‌خورم بدتر شدم,-1.0,high_neg,متخصص بیماری های مغز و اعصاب,2.5,0,,,-1.0
task01_00858,sent_000612,مطب خیلی شلوغ هست و وقت‌ها خیلی تو هم تو هم هزینه قطعات مورد استفاده واقعا زیاد,-1.0,high_neg,فلوشیب زانو و آسیبهای ورزشی شانه و زانو,2.5,0,,,-1.0
task01_00319,sent_000613,گوش‌درد به دلیل عفونت وحساسیت دارم در حال درمان هستم ونتیجه رضایت بخشی ازدرمان دارم درضمن اخلاق وبرخورد خانم دکتربسیار عالی است که به نطرمن بخش مهمی ازدرمان است,1.0,high_pos,متخصص گوش و حلق و بینی,5.0,0,,,1.0
task01_00147,sent_000646,جراحی زیبایی بینی,0.0,rate_neg,متخصص گوش و حلق و بینی,2.5,0,,,0.0
task01_00101,sent_000663,دکتر خوب و حاذق و ویزیت گران,1.0,mixed,متخصص جراحی مغز و اعصاب,5.0,0,,,1.0
task01_00124,sent_000677,فعلا تحت درمان هستیم,0.0,rate_neg,فلوشیپ جراحی دست,2.5,0,,,0.0
task01_00621,sent_000696,بسیار با تاخیر بود و حدودا دو ساعت تاخیر وجود داشت که اینگونه نوبت دهی توجیهی ندارد و توهین به زمان و وقت مراجعین است,-1.0,high_neg,متخصص پوست ، مو ، زیبایی و لیزر,2.5,0,,,-1.0
task01_00104,sent_000702,در حال درمانم,0.0,topup_pref,متخصص زنان و زایمان ( فلوشیپ نازایی )، IVF و لاپاراسکوپی,2.5,0,,,0.0
task01_00021,sent_000714,خوش‌اخلاق با حوصله حاذق کم‌خرج بدون معطلی در کل راضی هستم,1.0,mixed,متخصص مغز و اعصاب (نورولوژیست),5.0,0,,,1.0
task01_00258,sent_000786,سلام بیشتر از دو ساعت تو مطب منتظر موندیم با اینکه تماس گرفتم گفتن سر تایم خودتون اینجا باشید وقت ما ساعت 6 بود تا ساعت 8 اونجا بودیم,0.0,high_neg,فوق تخصص مغز و اعصاب کودکان,2.5,0,,,0.0
task01_00182,sent_000791,خوب بود معطلی در مطب زیاده,0.0,high_neg,جراح و متخصص استخوان و مفاصل - ارتوپدی,2.5,0,,,0.0
task01_00196,sent_000806,مناظر نایجپ,0.0,rate_neg,جراح و متخصص زنان زایمان و نازایی,2.5,0,,,0.0
task01_00116,sent_000832,برای جوش‌های صورتم مراجعه کردم و فعلا تحت درمان هستم,0.0,topup_pref,متخصص پوست ، مو و لیزر,2.5,0,,,0.0
task01_00035,sent_000833,عرض سلام و ادب و احترام بنده دفعه اول بود که مراجعه کردم خیلی باحوصله جواب میده وتوضیحات شون در باره مشکلی ک داشتم عالی بود,1.0,high_pos,متخصص ارتوپدی - جراحیهای تخصصی زانو و لگن - تعویض مفصل,5.0,0,,,1.0
task01_00010,sent_000841,بیماری نسبتا کنترل شده,0.0,rate_neg,متخصص بیماری های پوست و مو,2.5,0,,,0.0
task01_00244,sent_000856,راضی نیستن,-1.0,rate_neg,متخصص مغز و اعصاب و ستون فقرات,2.5,0,,,-1.0
task01_00272,sent_000867,خیلی بد بود 0,-1.0,high_neg,متخصص گوش و حلق و بینی جراحی پلاستیک,2.5,0,,,-1.0
task01_00045,sent_000872,یکبار ویزیت شدم هنوز نتیجه نگرفتم,0.0,mid_neg,متخصص جراحی مغز و اعصاب دیسک و ستون فقرات,5.0,0,,,0.0
task01_00005,sent_000884,دکتر خووب,1.0,rate_neg,فلوشیپ نازایی,2.5,0,,,1.0
task01_00198,sent_000898,در اینستا آشنا شدم,0.0,rate_neg,جراح و متخصص زنان و زایمان,2.5,0,,,0.0
task01_00294,sent_000906,بین نظیرن,1.0,random,متخصص پوست و مو,5.0,0,,,1.0
task01_00141,sent_000908,مطب شلوغ علافی زیاد تازه ویزیت شدم و دارو گرفتم,0.0,high_neg,جراح و متخصص زنان ، زایمان و نازایی,2.5,0,,,0.0
task01_00056,sent_000948,فعلا که فقط ویزیت شدم,0.0,service_neg,متخصص جراحی مغز و اعصاب,2.5,0,,,0.0
task01_00308,sent_001025,پدرم استخوان فمور عمل کردند و خدا رو شکر دکتر عملی خوب و عالی برای ایشان انجام دادند,1.0,high_pos,متخصص و جراح ارتوپدی,5.0,0,,,1.0
task01_00229,sent_001026,سلام دکتر بسیار با اخلاق ومهربان من تازه مراجعه کردم ومنتظر جواب ازمایشاتم هستم,1.0,mid_neg,متخصص زنان و زایمان,5.0,0,,,1.0
task01_00249,sent_001077,مطب خیلی تمیز تایم انتظار با اینکه خلوت بود طولانی و ماما اول کلی صحبت کرد بامن و سپس بعد کلی معطلی خانم دکتر بنظر متخصص و خوب میان,1.0,mixed,فلوشیپ پریناتولوژی - طب مادر و جنین,2.5,0,,,1.0
task01_00230,sent_001082,شروع درمان,0.0,rate_neg,متخصص پوست ، مو ، زیبایی و لیزر,2.5,0,,,0.0
task01_00227,sent_001119,برای درمان زگیل تناسلی بهشون مراجعه کردم در مرحله اول درمان کاملا نتیجه رضایت بخشی گرفتم و درمان شدم زگیل‌ها از بین رفتن و جاش هم دیگه نمونده و ویزیت‌های دوره‌ای رو برای چکاپ پیششون میرم بسیار خوش‌برخورد و با حوصله براتون توضیح میدن و تو کار و تشخصیشونم هم دقیق هستن دکتر با صحبت هاشون و اطلاعاتشون باعث روحیه دادن به بنده شدن و با اطمنیان خاطری که ایجاد کردن باعث دفع نگرانی هام راجب این بیماری شدن امیدوارم هر جا هستند موفق و سلامت باشند,1.0,mixed,متخصص جراحی کلیه و مجاری اداری ( ارولوژی ),5.0,0,,,1.0
task01_00189,sent_001129,من شماره مطب می‌خوام,0.0,service_neg,متخصص جراحی استخوان و مفاصل(ارتوپد),2.5,1,,,0.0
task01_00197,sent_001136,من امروز مطب بودم مطب تمیز مرتب با یه خانم منشی عالی خوش‌برخورد مرتب من به دلیل بیماری که دارم مجبورم دکترهای زیادی رفتم ولی از برخورد منشی راضی نبودم ولی امروز با برخورد منشی خانم شیخ روحیه گرفتم,1.0,mixed,متخصص زنان و زایمان,5.0,0,,,1.0
task01_00791,sent_001154,دکتر خیلی گرونیه تایم ویزیتشون هم خیلی کمه انگار عجله دارن همه چی انجام بشه زود و بره ولی در تشخیص ایشون میدونم که کار درسته و قبلا من ربات زانوم پاره شده بود خیلی زود ایشون سرپام کردن,-1.0,high_neg,فلوشیپ ارتوپدی و جراحی ستون فقرات,2.5,0,,,-1.0
task01_00185,sent_001158,تحت درمانم ناباروری,0.0,rate_neg,متخصص زنان و زایمان ( فلوشیپ نازایی )، IVF و لاپاراسکوپی,2.5,0,,,0.0
task01_00082,sent_001211,فقط فعلا یه بار ویزیت شدم هنوز به مرحله‌ی درمان نرسیدم,0.0,service_neg,متخصص ارتوپدی ( جراح استخوان و مفاصل ),2.5,0,,,0.0
task01_00121,sent_001240,مشکل هورمونی داشتم که خدارو شکر راضی بودم از رفتن به مطب ایشون چون باردار شدم ندونسته,1.0,topup_pref,متخصص زنان و زایمان ، نازایی,5.0,0,,,1.0
task01_00289,sent_001264,یک جلسه رفتم و نوبت آندوسکوپی بینی گرفتم,0.0,service_neg,متخصص گوش و حلق و بینی,2.5,0,,,0.0
task01_00083,sent_001271,عالی و خوش‌اخلاق با حوصله وبا تجربه,1.0,high_pos,متخصص زنان و زایمان,5.0,0,,,1.0
task01_00043,sent_001282,ختنه بود راضی بودم مشکل خاصی نداشتم,1.0,rate_neg,متخصص جراحی کلیه و مجاری ادراری,2.5,0,,,1.0
task01_00226,sent_001296,کرم ژانولوما دادن برا لکهام قرمز شده ننیدونم چیکار کنم,0.0,rate_neg,متخصص بیماری های پوست و مو,2.5,0,,,0.0
task01_00429,sent_001314,نعوظ ولی نتیجه نگرفتم,-1.0,high_neg,متخصص جراحی کلیه ، مجاری ادراری و تناسلی,2.5,0,,,-1.0
task01_00109,sent_001331,برای درمان خلط پشت خلق رفتم فرمودن مشکل بنذه از اسید معدس ودارو داد فعلا تحت نظرم,0.0,random,جراح و متخصص گوش و حلق و بینی,5.0,0,,,0.0
task01_00087,sent_001363,صورتم لک داشت,0.0,topup_pref,متخصص پوست و مو,2.5,0,,,0.0
task01_00174,sent_001376,ارتباط کمی با بیمار میگیرن ولی آز مایش‌ها و سونو هاشون رو دقیق مینویسن,0.0,topup_pref,متخصص زنان و زایمان,2.5,0,,,0.0
task01_00200,sent_001396,دکتر فوق العاده خوبی هستن,1.0,high_pos,متخصص گوش و حلق و بینی و جراحی زیبایی بینی,5.0,0,,,1.0
task01_00311,sent_001412,جلسه اول رفتم پیشش فعلا معلوم نیست,0.0,rate_neg,متخصص ارتوپدی و جراحی مفاصل و استخوان,2.5,0,,,0.0
task01_00160,sent_001417,برای جوش صورت مراجعه کردم و خیلی نتیجه نگرفتم,0.0,high_neg,متخصص پوست ، مو و زیبایی,2.5,0,,,0.0
task01_00085,sent_001425,فقط یک با,0.0,rate_neg,متخصص ارتوپدی - جراحی استخوان و مفاصل,2.5,0,,,0.0
task01_00034,sent_001434,ایشونبهترین دکتری هستند که به عمرم دیدم همسر بنده بعداز 12 سال که نازا بودن واسپرمشون صفر بود با جراحی ایشون صاحب یک فرزند پسر شدیم یک دنیا ازشون ممنونم,1.0,topup_pref,متخصص جراحی کلیه و مجاری ادراری و تناسلی,5.0,0,,,1.0
task01_00587,sent_001458,تشخیص خوب است اما معطلی تو مطب زیاد و مقداری آشنا بازی هستش,0.0,high_neg,متخصص مغز و اعصاب و ستون فقرات,2.5,0,,,0.0
task01_00115,sent_001461,دکتر باسواد و سریع متوجه مشکل من ک پارگی تاندون شانه بود فقط مشکل هزینه عمل ک خودش میگیره یکم ب مریض فشار میاد,0.0,high_neg,فلوشیپ جراحی شانه و آرنج,2.5,0,,,0.0
task01_00648,sent_001467,هنوز فرصت ملاقات به دلیل شلوغی نشد,0.0,high_neg,متخصص مغز و اعصاب و ستون فقرات,2.5,0,,,0.0
task01_00018,sent_001469,برای ویزیت بارداری رفتم عالی بود,1.0,high_pos,متخصص و جراح زنان و زایمان ، نازایی - دارای بورد تخصصی,5.0,0,,,1.0
task01_00134,sent_001480,فعلا یک جلسه برای کم پشتی موی دخترم مراجعه کردم,0.0,topup_pref,متخصص پوست مو لیزر,2.5,0,,,0.0
task01_00168,sent_001555,سلام لیرز پوست کار خانم دکتر بسیار عالی مثل اخلاق بی نطیزش,1.0,high_pos,متخصص پوست و مو زیبایی,5.0,0,,,1.0
task01_00195,sent_001566,خواهرم به تازگی ویزیت شدن هنوز نظری ندارم,0.0,service_neg,متخصص مغز و اعصاب و ستون فقرات,2.5,0,,,0.0
task01_00019,sent_001608,سلام خانم دکتر بهترین راه ممکن رو به من پیشنهاد دادند,1.0,rate_neg,متخصص زنان و زایمان,2.5,0,,,1.0
task01_00682,sent_001625,دکتر خوبی بود اما برخورد منشی خیلی بد بود و عصبانی برای همین دومین بار دیگه نخواهم رفت,-1.0,high_neg,جراح و متخصص زنان و زایمان,2.5,0,,,-1.0
task01_00074,sent_001626,تشخیص خوبی دارن ولی شلوغ هست و دسترسی تلفنی یه مقدار سخت هست به مطبشون,0.0,high_neg,جراح و متخصص زنان زایمان نازایی,2.5,0,,,0.0
task01_00157,sent_001633,ایرادی که خیلی از دوستان وارد دونستن و درست هم هست معطلی زیاد در مطب دکتر هست البته خدماتی که ارائه میدن هم گران هست در مفصل زانوهام دکتر برام تزریق انجام داد امیدوارم نتیجه‌بخش باشه که البته این نکته در درازمدت مشخص خواهد شد برخورد دکتر و پرسنل خوب هست و اینکه سنجش تراکم استخوان و فیزیوتراپی هم دارن خوبه,0.0,high_neg,فلوشیپ ارتوپدی و جراحی ستون فقرات,2.5,0,,,0.0
task01_00265,sent_001640,سلام برای ریزش مو جوش صورت مراجعه کردیم امروز و فعلا منتظر نتیجه‌اش باشیم ببینیم چه نتیجه‌ای می‌گیریم و ضمنا از برخورد خوب و عالی ایشون بی‌نهایت تشکر می‌کنم خدا خیرشون بده انشالله,0.0,mixed,متخصص پوست مو و زیبایی و لیزر درمانی,5.0,0,,,0.0
task01_00026,sent_001688,در مرحله تست,0.0,random,فلوشیپ حنجره,5.0,0,,,0.0
task01_00060,sent_001747,دکتر خوب ولی خیلی گرون,0.0,mid_neg,متخصص پوست و مو,5.0,0,,,0.0
task01_00058,sent_001754,ایشون عالی بودن,1.0,high_pos,فلوشیپ جراحی دست,5.0,0,,,1.0
task01_00729,sent_001757,برای چک وضعیت جنین رفته بودیم دکتر بااخلاق و خوبی هستند منتها نسبت به هزینه‌ای ک دریافت میکنن خدمات کلینیک و نظم پرسنلشون کمه امیدوارم کیفیت کارشون رو بهبود بدن,0.0,high_neg,فلوشیپ طب مادر و جنین (پریناتولوژی),2.5,0,,,0.0
task01_00095,sent_001760,با سلام من سرگیجه داشتم تشخیص دکترفشارگوش بود ضرف سه تا حدود زیادی نتیجه گرفتم,1.0,rate_neg,متخصص و جراح گوش و حلق و بینی,2.5,0,,,1.0
task01_00120,sent_001762,عدم مدیریت زمان چند ساعت منتظر موندیم,-1.0,high_neg,متخصص مغز و اعصاب (نورولوژی)، عضو انجمن صرع ایران,2.5,0,,,-1.0
task01_00582,sent_001763,نتیجه منفی گرفتم بعد از 6 ماه هزینه کردن منشیشون گفتن وقت ندارن باید چند ماه دیگه مجدد درخواست بدید,-1.0,high_neg,متخصص و جراح پوست ، مو و زیبایی و لیزردرمانی,2.5,0,,,-1.0
task01_00317,sent_001792,ریزس مو و هنوز درمان نشدم,0.0,high_neg,متخصص پوست ، مو ، زیبایی و لیزر,2.5,0,,,0.0
task01_00081,sent_001826,در حال درمان دیسک کمر,0.0,topup_pref,متخصص ارتوپدی جراح استخوان مفاصل و آسیب های ورزشی,2.5,0,,,0.0
task01_00221,sent_001892,دکتر مجرب ودانایست کار بلد فقط تومطب خیلی معطلی داره وباید صبور بود من سنگ کلیه داشتم وازشون راضی هستم,1.0,mid_neg,متخصص و جراح کلیه مجاری ادراری و تناسلی - ارولوژیست,5.0,0,,,1.0
task01_00314,sent_001896,بیشتر از ظرفیت پذیرش می‌کنند و معطلی بسیار زیاده,0.0,high_neg,متخصص مغز و اعصاب (نورولوژی)، عضو انجمن صرع ایران,2.5,0,,,0.0
task01_00149,sent_001908,ایشون دکتر با شخصیت خوش‌برخورد مومن و بسیار کار درست است رحمم میوم بزرگ خود رحم بزرگ‌شده بود ایشون تخلیه شوند کردن رحم را دوستشون خیلی سبک من خیلی می‌ترسیدم از درد بعد از عمل ولی خدارا شکر خیلی خوب و راحت بودم و به دیگران هم ایشون را معرفی کردم,1.0,mid_neg,فلوشیپ انکولوژی زنان ( سرطان شناسی ),5.0,0,,,1.0
task01_00544,sent_001952,نتیجه نگرفتم هنوز,-1.0,high_neg,فلوشیپ نازایی,2.5,0,,,-1.0
task01_00028,sent_002009,دکتر خوبی هستند چند سال هست توسط ایشان ویزیت ودرمان می‌شوم,1.0,service_neg,متخصص اورولوژی - فلوشیپ اندویورولوژی و لاپاراسکوپی,2.5,0,,,1.0
task01_00016,sent_002084,پاهای پرانتزی,0.0,rate_neg,جراح و متخصص استخوان و مفاصل { ارتوپد },2.5,0,,,0.0
task01_00203,sent_002118,دکتر مهربون و خوش‌اخلاق و تخصصی کار میکنه از اول تمام آزمایشات لازم میده شاید یکم هزینه‌بر باشه ولی سریع جواب می‌گیری,1.0,mid_neg,جراح و متخصص زنان زایمان نازایی,5.0,0,,,1.0
task01_00063,sent_002124,ویزیت بسیار گران,-1.0,mid_neg,فلوشیپ آی وی اف و لاپاراسکوپی,5.0,0,,,-1.0
task01_00090,sent_002147,نوبت دهی خوب بود برام‌ام آر آی نوشتن فعلا تحت درمانم,0.0,service_neg,متخصص مغز و اعصاب و ستون فقرات,2.5,0,,,0.0
task01_00154,sent_002169,پی پی ار پی,0.0,rate_neg,متخصص پوست و مو,2.5,0,,,0.0
task01_00144,sent_002170,کاشت مو,0.0,mid_neg,متخصص پوست و مو ، لیزر,5.0,0,,,0.0
task01_00093,sent_002173,بهترین دکتر زنان حاذق دلسوز و منصف,1.0,topup_pref,جراح و متخصص زنان زایمان نازایی,5.0,0,,,1.0
task01_00006,sent_002196,فعلا درحالت معالجه,0.0,rate_neg,جراح ارتوپد و فلوشیپ جراحی دست-شانه ،ارنج,2.5,0,,,0.0
task01_00089,sent_002209,تازه مراجعه کردم و هنوز نظری ندارم,0.0,rate_neg,"جراح مغز و اعصاب , ستون فقرات , لیزر دیسک ,آندوسکوپ مغز و قاعده جمجمه",2.5,1,,,0.0
task01_00020,sent_002216,برای درمان لغزش دست مراجعه کردم ولی هنوز نتیجه نگرفتم,-1.0,high_neg,متخصص بیماری های مغز و اعصاب و ستون فقرات,2.5,0,,,-1.0
task01_00065,sent_002229,تا کنون در حال دوره درمان و به نسبت به گذشته بهترم,0.0,rate_neg,متخصص جراحی مغز و اعصاب,2.5,0,,,0.0
task01_00012,sent_002234,برای درمان آکنه مراجعه کردم از نظر برخورد و اخلاق خانم دکتر و تشخیص رضایت دارم ولی برنامه کارشون در کلینیک بهار اصلا مناسب نیست و برای وقت مراجعین ارزشی قائل نیستن بیش از ظرفیت کاری پزشک پذیرش میکنن و ساعات ویزیت و جراحی از هم تفکیک نشده برای یه ویزیت ساده و نشون دادن جواب آزمایش بیش از 2 ساعت معطلی داره,-1.0,high_neg,متخصص پوست و مو و زیبایی ، لیزر,2.5,0,,,-1.0
task01_00059,sent_002239,آقای دکتر درباره بیماری ونوع تشخیص بیماری اصلا توضیح نمیده ما ازش راضی نبودیم,-1.0,rate_neg,فلوشیپ جراحی ستون فقرات,2.5,0,,,-1.0
task01_00112,sent_002262,مطب بسیار شلوغ و معطلی بسیار زیاد,-1.0,high_neg,متخصص گوش حلق بینی,2.5,0,,,-1.0
task01_00269,sent_002267,دیسک کمر داشتم گفتن عمل کنین فشارم بالابودن نشده عمل کنم میخوام نوبت برای عمل بزنم,0.0,service_neg,متخصص جراحی مغز و اعصاب,2.5,0,,,0.0
task01_00103,sent_002289,یکبار توسط ایشون ویزیت شدم وعالی بودن,1.0,topup_pref,فلوشیپ طب مادر و جنین - پریناتولوژی,5.0,0,,,1.0
task01_00828,sent_002294,خوب ولی مطب خیلی بی‌نظم و شلوغ هست,0.0,high_neg,متخصص زنان و زایمان - فلوشیپ نازایی,2.5,1,,,0.0
task01_00000,sent_002350,برای بعضی بیماران وقت می‌گذاشتند و از پشت در مطب می‌شنیدم که یک مطلب را چند بار برای بیمار تکرار می‌کردند ولی من که وارد مطب شدم وقت چندانی نگذاشتند و با عجله و نسبتا بی‌حوصلگی برخورد کردند و جواب‌های تند و سرسری دادند,-1.0,high_neg,فلوشیپ جراحی ستون فقرات,2.5,0,,,-1.0
task01_00186,sent_002376,مراحل اولیه درمان,0.0,rate_neg,متخصص پوست ، مو ، زیبایی,2.5,0,,,0.0
task01_00025,sent_002410,تشنج دارم و هنوز هم درمان نشده,-1.0,high_neg,فلوشیپ صرع و متخصص بیماریهای مغز و اعصاب و ستون فقرات,2.5,0,,,-1.0
task01_00206,sent_002428,خیلی خوب بود,1.0,random,متخصص مغز و اعصاب و ستون فقرات,5.0,0,,,1.0
task01_00231,sent_002441,من برای بارداری اولم و اقدامات قبل از بارداری به خانم دکتر مراجعه کردم و تا الان خیلی راضی هستم خانم دکتر بسیار با آرامش هستند و این آرامش رو به مراجعه‌کننده هم میدن بسیار متخصص هستند و یک نکته‌ی بسیار عالی که در مورد ایشون هست اینه که وضعیت مالی مراجعه‌کننده رو مدنظر میگیرن برای تجویزهایی که میکنن مخصوصا در مورد بارداری که هزینه‌ها بیشتر هست مواردی که واقعا لازم هست شما رو میفرستن که انجام بدین وقتی داخل اتاق پیش شون هستین با حوصله به صحبت تون گوش میدن و به هیچ وجه عجله‌ای ندارن و بسیار وقت میذارن بنظرم ارامش مهم‌ترین چیزی هست که مادر باردار لازم داره و خانم دکتر اینو خیلی خوب در اختیار شما میذارن با تخصص و روحیه‌ی اروم شون,1.0,mixed,جراح و متخصص زنان و زایمان,5.0,0,,,1.0
task01_00013,sent_002443,کمرد و ستون فقرات,0.0,rate_neg,جراح مغز و اعصاب و ستون فقرات,2.5,0,,,0.0
task01_00014,sent_002532,برای گلو درد و گوش‌درد رفتم,0.0,topup_pref,متخصص گوش حلق بینی و جراحی های سرو و گردن .جراحی زیبایی صورت,2.5,0,,,0.0
task01_00096,sent_002533,مشکل پرزوستات داشتم که به کمک ایشان و استفاده از داروهای سنتی بهبود یافتم,1.0,topup_pref,فلوشیپ پیوند کلیه ، عضو تیم تخصصی درمان ناباروری,2.5,1,,,1.0
task01_00219,sent_002553,خیلی خوش‌اخلاق و با حوصله هنوز درمان نشدم ولی از رفتارشون راضی هستم,1.0,high_neg,متخصص گوش و حلق و بینی و جراحی سر و گردن و جراحی زیبایی بینی,2.5,0,,,1.0
task01_00307,sent_002559,شوره پوست سر داروهایی تجویز کردند که موثر بود ولی دو ماه بعد از پایان مصرف دارو باز شوره برگشته و میخوام دوباره مراجعه کنم,0.0,rate_neg,متخصص پوست ، مو ، زیبایی و لیزر,2.5,0,,,0.0
task01_00136,sent_002566,کیست داشتم هنوز پیگیرم,0.0,rate_neg,فلوشیپ انکولوژی زنان ( سرطان شناسی ),2.5,0,,,0.0
task01_00173,sent_002573,تحت درمان قرار دارم,0.0,topup_pref,فلوشیپ پیوند کلیه ، عضو تیم تخصصی درمان ناباروری,2.5,0,,,0.0
task01_00320,sent_002587,پزشک خوبی هستن در حال درمان هستم,1.0,topup_pref,متخصص زنان و زایمان ( فلوشیپ نازایی )، IVF و لاپاراسکوپی,2.5,0,,,1.0
task01_00024,sent_002603,بسیار با حوصله ودقیق هستن شش ماه ترشح خون از بینی داشتم با یک ویزیت خوب شدم,1.0,topup_pref,متخصص گوش و حلق و بینی,5.0,0,,,1.0
task01_00033,sent_002635,دو بار ویزیت شدم هر بار بیش از 5 ساعت در مطب منتظر بودم,-1.0,high_neg,جراح ارتوپد,2.5,0,,,-1.0
task01_00254,sent_002639,برای مورد خیلی پیچیده مراجعه نکردم ولی خیلی با بی‌حوصلگی پاسخ گرفتم شاید چون مورد معمولی بود شاید هم اونروز خسته بودن ولی راهکار خاصی پیشنهاد نشد یا نظر مشاوره‌ای خاص,0.0,rate_neg,متخصص پوست ، مو و زیبایی و لیزر,2.5,0,,,0.0
task01_00270,sent_002645,دکتر بسیار بسیار عالی است اگر تو عمل هاش توان دیگران را در نظر بگیرد عالی میشه,1.0,mixed,جراح ارتوپد ،فلوشیپ لگن ، ران ، تعویض مفصل,5.0,0,,,1.0
task01_00310,sent_002666,عمل برداشت رحم,0.0,rate_neg,متخصص زنان و زایمان,2.5,0,,,0.0
task01_00285,sent_002680,دکتر با تجربه‌ای بود کیست داشتم که دارو دادن کمی بهتر شد,1.0,rate_neg,متخصص ارتوپدی,2.5,0,,,1.0
task01_00088,sent_002711,نظم مطب و وقت دهی بسیار عالی برخورد خانم دکتر و صبر ایشون بسیار و توضیحات با کمال آرامش بسیار راضی هستم,1.0,topup_pref,جراح و متخصص زنان و زایمان و نازایی,5.0,0,,,1.0
task01_00273,sent_002713,تلت 33,0.0,rate_neg,متخصص پوست و مو و زیبایی و لیزر,2.5,0,,,0.0
task01_00263,sent_002714,بسیار دکتر خوب وتشخیص عالی برای بیماری فشار مغز داشتند وبا دارو خیلی بهتر هستم وچند ماه تحت نظر ایشان هستم,1.0,high_pos,متخصص مغز و اعصاب ( نورولوژی ),5.0,0,,,1.0
task01_00204,sent_002723,سلام من پای پرانتزی داشتم با درجه بالا پای راستم 23 درجه و پای چپم 19 درجه که سال گذشته 98 از طریق اینترنت با ایشون آشنا شدم با اولین ویزیت در مطب ایشون تصمیم گرفتم ایشون پای راستمو جراحی کنن خرداد ماه جراحی کردم بسیار راضی بودم ایشون با صبر با اخلاق با حوصله در تمام لحظات کنارم بودن و جوابگو مشکلاتم خیلی زود نتیجه گرفتم و پای چپم جراحی کردم الحمدالله درد شدید و سختی نداره فقط روز اول نهایت هفته اول اذیت شدم با توجه بدستورات بعد از جراحی و اجرا آنها خیلی زود مشکلاتم حل شدن و پا هام راست و بسیار عالی خوب شدم من بسیار بسیار از ایشون و دستیارشون سرکار خانم دانا ممنونم وجود پربرکتشون همیشه سلامت و سعادتمند در پناه حق باشد ان شاالله,1.0,service_neg,متخصص جراحی استخوان و مفاصل(ارتوپد),5.0,0,,,1.0
task01_00240,sent_002738,زانودرحال درمان,0.0,rate_neg,جراح و متخصص ارتوپدی,2.5,0,,,0.0
task01_00039,sent_002762,جناب دکتر اسحاقی یکی از بهترین وبا وجدان‌ترین دکتری است که تا به حال دیدم خدا پشت وپناه خودش وخانواده باشه,0.0,high_pos,جراح مغز و فلوشیپ دیسک و ستون فقرات,5.0,0,,,0.0
task01_00099,sent_002824,برای باراول خوب بود,0.0,topup_pref,متخصص بیماری های پوست و مو,2.5,0,,,0.0
task01_00142,sent_002848,عمل بینی عاای,0.0,random,متخصص و جراح گوش و حلق و بینی,5.0,0,,,0.0
task01_00246,sent_002854,با توصیه یکی از آشنایان به مطب ایشان مراجعه نمودم از لحظه‌ای که آمده‌ام احساس نشاط و تندرستی و سلامت و ایمنی کامل احساس می‌کنم این چیزی جز رسالت و تعهد یک پزشک مسئول و دلسوز و مجرب نمی‌باشد بدین وسیله بر خود فرضی واجب می‌دانم که از زحمات نامبرده و پرسنل فداکار و مهربان این مجموعه تقدیر و سپاس گزارم با تقدیم احترامات فائقه نورایی نژاد,1.0,service_neg,متخصص مغز و اعصاب ( نورولوژیست ),5.0,0,,,1.0
task01_00152,sent_002859,برای بار دوم مراجعه می‌کنم,0.0,rate_neg,متخصص جراحی استخوان و مفاصل ارتوپدی,2.5,0,,,0.0
task01_00053,sent_002869,دکتر خوبی هستن و خوب بود کارشون ولی من فقط دوره درمان و مصرف داروها اثر بهبودی رو دیدم و بعدش مثله قبل شد باز,0.0,rate_neg,متخصص پوست و مو,2.5,0,,,0.0
task01_00257,sent_002946,سلام خیلی خوب بود,1.0,rate_neg,فلوشیپ انکولوژی زنان ، لاپاروسکوپی و کولپوسکوپی,2.5,0,,,1.0
task01_00172,sent_002948,سلام دکتر خوبی بود و پاسخگویی خوبی داشت ولی زمان معطلی زیاد بود من 4 20 دقیقه وقت گرفته بودم ولی ساعت 6 نوبتم شد,0.0,high_neg,جراح استخوان و مفاصل و ستون فقرات,2.5,1,,,0.0
task01_00213,sent_002953,عالی ولی بسیار شلوغه ومعطلی داره,1.0,mixed,متخصص جراحی مغز و اعصاب,5.0,1,,,1.0
task01_00067,sent_002972,پارگی دیسک کمر ویزیت اولیه شدم با توجه به درد کمرم تایم نوبت دهی خوب بود و زیاد منتظر نموندم که خیلیی برام مهم بود این موضوع و خود دکتر خیلی خیلی با سواد و حرفه‌ای امیدوارم زودتر خوبشم,1.0,mid_neg,متخصص جراحی مغز و اعصاب و ستون فقرات,5.0,0,,,1.0
task01_00771,sent_002987,با سلام ایشون دکتر خیلی خوبی هستن تنها مشگل منتظر نوبت موندن در مطب هستش,1.0,high_neg,جراح و متخصص زنان، زایمان,2.5,0,,,1.0
task01_00150,sent_002988,فعلا منتظر جواب ازمایشم هستم,0.0,high_neg,جراح و متخصص زنان و زایمان و نازایی,2.5,0,,,0.0
task01_00199,sent_003018,من وهمسرم ودخترم ناراحتی آرتروزگردن وزانوودرد مفاصل داشتیم وداریم دکترمیبایستی وقت بیشتری برای بیماربگذارد فقط ایشان داروهای خوبی تجویزمیکند,0.0,rate_neg,متخصص ارتوپدی,2.5,0,,,0.0
task01_00275,sent_003059,فعلا که کامل نبوده,0.0,rate_neg,متخصص پوست ، مو و لیزر,2.5,1,,,0.0
task01_00238,sent_003074,سر اون تایمی که نوبت داشتم ویزیت نشدم یک ساعت ربع منتظر موندم تا ویزیت بشم,0.0,high_neg,متخصص پوست و مو (درماتولوژی),2.5,0,,,0.0
task01_00002,sent_003077,ناشناوای تلفن,0.0,service_neg,جراح گوش و حلق و بینی,2.5,0,,,0.0
task01_00235,sent_003098,بنده باردارم هستم و پیش ایشون ویزیت میشم عالی هستن هم خود دکتر هم محیط تمیزشون هم منشی عالیشون,1.0,topup_pref,متخصص زنان زایمان و نازایی,5.0,0,,,1.0
task01_00007,sent_003116,خوب مت,1.0,rate_neg,متخصص پوست و مو,2.5,0,,,1.0
task01_00049,sent_003125,معطلی مطب بشدت زیاد بود من دوساعت معطل شدم و واقعا ناراحت شدم ولی خانم دکتر خودش عالی بودن,0.0,mixed,جراح و متخصص زنان زایمان و نازایی,5.0,0,,,0.0
task01_00766,sent_003126,کاش دستگاه سونو دا,0.0,high_neg,متخصص زنان و زایمان,2.5,0,,,0.0
task01_00068,sent_003134,بعدا میگم,0.0,rate_neg,متخصص و جراح زنان و زایمان و نازایی,2.5,0,,,0.0
task01_00126,sent_003168,پارگیه مینیسک زانو دکتر خیلی خوبیه فقط قرار بود واسم وقت جراحی بزارن ولی مسولش کم‌کاری میکنه,0.0,rate_neg,فلوشیب زانو و آسیبهای ورزشی شانه و زانو,2.5,1,,,0.0
task01_00466,sent_003180,خیلی دکتر خوش‌برخورد و مهربونی هستن وبه سوالات هم جواب میدن فقط منشی که اونجا بود بی اعصابه و درست جواب نمیده,1.0,high_neg,جراح و متخصص زنان و زایمان و نازایی,2.5,0,,,1.0
task01_00171,sent_003186,من برای ناباروری مراجعه کردم و نتیجه نگرفتم,-1.0,high_neg,متخصص زنان و زایمان,2.5,0,,,-1.0
task01_00467,sent_003200,دکتر خوب و خوش‌برخورد ولی منشی مطب فردیس نوبت دهی رو نمیتونه مدیریت کنه و معطلی زیاد داده,1.0,high_neg,فلوشیپ اندویورولوژی و لاپاراسکوپی - متخصص و جراح کلیه و مثانه,2.5,0,,,1.0
task01_00175,sent_003255,دکتر با حوصله و خوش‌اخلاق هستند در مورد کارشون نمیتونم نظر یدم چون دوبار فقط ویزیت شدم و درمانم ادامه داره,0.0,service_neg,متخصص پوست ، مو ، زیبایی و لیزر,2.5,0,,,0.0
task01_00267,sent_003259,دو ماه پیش مدت دو ماه پی در پی برای درمان آرتروز زانو پی ار پی انجام دادم درد کم شده اما خوب نشدم,0.0,rate_neg,متخصص ارتوپدی ( جراحی استخوان و. مفاصل ),2.5,0,,,0.0
task01_00436,sent_003310,درد کنار زانو داشتم که بهتر نشد,-1.0,high_neg,جراح ارتوپد ،فلوشیپ لگن ، ران ، تعویض مفصل,2.5,0,,,-1.0
task01_00423,sent_003331,سلام من تحت نظر ایشون هستم خیلی اخلاق جالب ندارن و بمن توهین کردن درمورد مهارتشون چیزی نمیتونم بگم هنوز,-1.0,high_neg,فلوشیپ ناباروری,2.5,0,,,-1.0
task01_00117,sent_003343,خیلی تایم نذاشتن راضی نبودم آزمایش هامم اصلا دقت نکردن,-1.0,high_neg,زنان ، زایمان و نازایی,2.5,0,,,-1.0
task01_00252,sent_003350,سلام آقای دکتر خوش‌برخورد وبا حوصله و همچنین پرسنل خوب هزینه بالا تحت درمان ایشان هستم,1.0,mid_neg,متخصص ارتوپدی و جراحی مفاصل و استخوان,5.0,1,,,1.0
task01_00119,sent_003368,با عرض سلام من یک نوبت امدم یک اسکن نوشته‌شده و سری بعد جواب را اوردم و دو نوبت ویزیت شدم,0.0,service_neg,متخصص ارتوپدی ( جراحی استخوان و مفاصل ),2.5,0,,,0.0
task01_00100,sent_003383,به تازگی ویزیت شدم,0.0,service_neg,متخصص گوش و حلق و بینی و جراحی سر و گردن,2.5,0,,,0.0
task01_00241,sent_003406,داروی تجویزی ایشان بیماری پوستی مرا کاهش داد اما یک جعبه قرص کلاژن ساز گرانقیمت هم تجویز کردند که ربطی به بیماری من نداشت ظاهرا به نفع داروخانه کار می‌کنند نه بیمار,-1.0,high_neg,متخصص پوست ، مو ، زیبایی,2.5,0,,,-1.0
task01_00209,sent_003432,مشکل گلو درد داشتم حل نشد,0.0,rate_neg,متخصص گوش حلق بینی,2.5,0,,,0.0
task01_00306,sent_003498,با سلام نوبت در این مطب اینترنتی هست و تایم مشخص می‌کند ولی وقتی سر وقت حاضر می‌شوید باید طبق حضور بیماران ویزیت شوید بعد از تایم خیلی زیادی که منتظر می‌مانید دکتر با عجله و بدون توجه به شرح‌حال ویزیت می‌کند,-1.0,high_neg,فلوشیپ جراحی شانه و آرنج,2.5,0,,,-1.0
task01_00260,sent_003588,یه توده در گلو ولی هنوز نتیجه نگرفتم احتمالا بعد MRI فعلا نظر خواهی درست نیست,0.0,high_neg,جراح گوش ، حلق و بینی,2.5,0,,,0.0
task01_00194,sent_003602,اصلا راضی نبودم من با دوسه تا اکنه مراجعه کردم بهم راکوتان دادن کبدم اسیب دید,-1.0,high_neg,متخصص پوست و مو,2.5,0,,,-1.0
task01_00301,sent_003628,پزشک خوبی هستن ولی ماماهایی که توی مطبشون کار میکنن اصلا به حریم شخصی احترام نمیذارن,0.0,service_neg,فلوشیپ آی وی اف و لاپاراسکوپی,2.5,0,,,0.0
task01_00062,sent_003640,ویزیت اولیه بود و هنوز درمان تکمیل نشده,0.0,service_neg,جراح و متخصص ارتوپدی و فلوشیپ ارتوپدی کودکان,2.5,1,,,0.0
task01_00321,sent_003644,بیشتر برای زیبایی بینی خوب هستند,0.0,rate_neg,متخصص گوش و حلق و بینی,2.5,0,,,0.0
task01_00029,sent_003658,پروستات هنوزدرحال درمان هستم,0.0,rate_neg,جراح کلیه، مجاری ادراری، تناسلی و پروستات ، اورولوژی,2.5,0,,,0.0
task01_00132,sent_003664,سلام هف,0.0,rate_neg,جراح و متخصص زنان ، زایمان و نازایی,2.5,0,,,0.0
task01_00047,sent_003680,من تاکید کردم ب اینکه عمل نمیخام بشم ولی منو فرستادن اکو نوار قلب و ریه کاره اشتباهی بود فقط هزینه بیخود,-1.0,high_neg,متخصص و جراح مغز اعصاب و ستون فقرات,2.5,0,,,-1.0
task01_00292,sent_003687,مشکل درد کلیه,0.0,rate_neg,جراح و فلوشیپ سرطان شناسی کلیه و مجاری ادراری ( اوروانکولژیست),2.5,0,,,0.0
task01_00215,sent_003713,فعلا یک جلسه رفتم,0.0,rate_neg,جراح کلیه مجاری ادراری پروستات و ناباروری,2.5,0,,,0.0
task01_00125,sent_003726,سلام من پسرم را برم که پیش خیلی دکترها برده بودم ونتیجه نگرفتم وخیلی نگران بودم البته الان هم هستم ولی دکتر گفتند که پسرم تا 18 سالگی باید صفحه رشد بسته شود تا ما شروع به کار کنیم,0.0,high_neg,متخصص ارتوپدی . فلوشیپ جراحی شانه و آرنج,5.0,0,,,0.0
task01_00278,sent_003751,خیلی سرسری وزیت کردن و شرحی در مورد بیماری ندادن فقط اسرار بر عمل داشتن راضی نبودم اصلا,-1.0,high_neg,متخصص ارتوپد و جراح شانه لگن و زانو,2.5,0,,,-1.0
task01_00640,sent_003752,راضی نبودم خیلی دکتر عجولی هست,-1.0,high_neg,متخصص ارتوپدی - تعویض مفصل,2.5,0,,,-1.0
task01_00274,sent_003796,من برای وز وز گوشم رفته بودم پیششون ولی اصلا مدارک منو نگاه نکردن و فقط گفتن باید انژیو بشید,-1.0,rate_neg,متخصص جراحی مغز و اعصاب ، فلوشیپ نورواینترونشن,2.5,0,,,-1.0
task01_00569,sent_003813,اونجور که تعریف کرده بودن همه نبودن و خیلی معمولی بود راجب بیماری که دارید به زور باید توضیح بدن و داروهای خیلی معمولی میدن در کل اونقد راضی نبودم,-1.0,high_neg,جراح و متخصص استخوان و مفاصل { ارتوپد },2.5,0,,,-1.0
task01_00217,sent_003829,یکبار ویزیت شدم فعلا نتیجه نگرفتم,0.0,high_neg,متخصص گوش و حلق وبینی,2.5,0,,,0.0
task01_00679,sent_003838,دیسک کمر منتها هنوز درمان نشده,-1.0,high_neg,جراح مغز و فلوشیپ دیسک و ستون فقرات,2.5,0,,,-1.0
task01_00138,sent_003851,من ویزیت نشدم ولی همینطوری بهشون معمولی نظر دادم,0.0,service_neg,متخصص پوست و مو,2.5,0,,,0.0
task01_00030,sent_003897,مشکل خواب بهتر شدند,0.0,rate_neg,متخصص مغز و اعصاب و ستون فقرات,2.5,0,,,0.0
task01_00223,sent_003912,بسیار دکتر خوبی هستند ولی در نسخه نوشتن و تاریخ زدن باید دقت بیشتری بکنند,1.0,topup_pref,فوق تخصص مغز و اعصاب کودکان,2.5,0,,,1.0
task01_00155,sent_003959,لیزر تتو انجام دادم فعلا منتظر نتیجه‌ام,0.0,high_neg,متخصص پوست و مو,2.5,0,,,0.0
task01_00279,sent_003962,من به چند دکتر مراجعه کرده بودم و اونها با تشخیص اشتباه خیلی منو ترسوندن ولی خانم دکتر کریم پوربا تشخیص عالی و بسیاار با حوصله و آرامش مشکلم رو برام توضیح دادند هنوز تحت درمان هستم,1.0,mixed,جراح و متخصص بیماریهای زنان و زایمان,5.0,0,,,1.0
task01_00237,sent_004041,عالی بود من تزریق فیلر انجام دادم و فوق‌العاده بود,1.0,high_pos,متخصص پوست و مو,5.0,0,,,1.0
task01_00486,sent_004120,پروستات پدر فعلا پت اسکن نوشتن ومنتظر دیدن جواب ونظرشون هستیم,0.0,high_neg,متخصص جراحی کلیه و مجاری ادراری ( اورولوژی),2.5,0,,,0.0
task01_00128,sent_004135,زیاد راضی نبودم,0.0,high_neg,متخصص مغز و اعصاب و ستون فقرات,2.5,0,,,0.0
task01_00092,sent_004138,چکاپ عمومی,0.0,topup_pref,جراح و متخصص زنان و زایمان ، نازایی,2.5,0,,,0.0
task01_00094,sent_004230,فعلا درمانم کامل نشده,0.0,rate_neg,متخصص پوست و مو,2.5,0,,,0.0
task01_00491,sent_004255,فعلا تحت درمان 4 ماهه نتیجه نگرفتم هنوز,-1.0,high_neg,جراح و متخصص زنان زایمان و نازایی,2.5,0,,,-1.0
task01_00048,sent_004257,خوب و مثبت,1.0,rate_neg,جراح و متخصص زنان و زایمان و نازایی,2.5,0,,,1.0
task01_00183,sent_004364,در جلسه اول دکتر خوبی به نظر می‌رسیدن,0.0,rate_neg,متخصص پوست و مو ، زیبایی و لیزر,2.5,0,,,0.0
task01_00151,sent_004401,پی آر پی فعلا درمان ادامه دارد,0.0,rate_neg,متخصص ارتوپدی فلوشیپ جراحی زانو,2.5,0,,,0.0
task01_00222,sent_004419,اولین بار بود مراجعه کردیم مشکلی که هیچ دکتری تشخیص نداده بودو تو ویزیت اول تشخیص دادن با یه نسخه همسرم خدا رو شکر خوب شدن خانم دکتر فوق العاده عالی وحاذق درکارشون هستن وقت برای بیمار میزاره الهی خدا سلامتی به ایشون بده ما پیش چندین متخصص رفتیم وبا تشخیص اشتباه ودارو‌های اشتباه همسرم بدتر شده بود ولی خانم دکتر با یه نسخه درمان کردن,1.0,mixed,متخصص پوست ، مو ، زیبایی و لیزر,5.0,0,,,1.0
task01_00288,sent_004433,فعلآ ویزیت شدم,0.0,service_neg,متخصص جراحی مغز و اعصاب,2.5,0,,,0.0
task01_00135,sent_004438,انحراف پا تحت درمان,0.0,topup_pref,جراح و متخصص ارتوپدی و فلوشیپ ارتوپدی کودکان,2.5,0,,,0.0
task01_00107,sent_004462,تحت درمان ه,0.0,topup_pref,جراح ارتوپد و فلوشیپ جراحی دست-شانه ،ارنج,2.5,0,,,0.0
task01_00078,sent_004519,مشکل سائیدگی زانوداشتم باسه نوبت تزریق الان خوبم,1.0,topup_pref,متخصص و جراح ارتوپدی,5.0,0,,,1.0
task01_00077,sent_004526,هیچ نتیجه نگرفتیم فعلا,-1.0,rate_neg,متخصص مغز و اعصاب (نورولوژی),2.5,0,,,-1.0
task01_00618,sent_004534,فعلا نتیجه نگرفتم,0.0,high_neg,فلوشیپ جراحی گوش,2.5,0,,,0.0
task01_00239,sent_004566,فللا برای نظر دهی زود است,0.0,rate_neg,جراح استخوان و مفاصل - فلوشیپ جراحی زانو,2.5,0,,,0.0
task01_00031,sent_004617,سلام معاینه داشتم خوب بود,1.0,topup_pref,متخصص زنان و زایمان,2.5,0,,,1.0
task01_00102,sent_004636,کیست داشتم و عمل کردم واقعا ممنونم ازشون,1.0,random,متخصص زنان و زایمان,5.0,0,,,1.0
task01_00055,sent_004654,خانم دکتر بسیار خوش‌برخورد و با حوصله و در ضمن با علم بالا به روزترین خدمات رو ارائه میدن بنده خیلی پیش ایشون ویزیت شدم و همیشه راضی بودم,1.0,topup_pref,متخصص پوست ، مو و زیبایی,5.0,0,,,1.0
task01_00202,sent_004683,اهدا کننده کلیه,0.0,topup_pref,متخصص جراحی کلیه و مجاری ادراری تناسلی ( ارولوژیست ),2.5,0,,,0.0
task01_00111,sent_004750,مادرم جراحی مهره کرده,0.0,rate_neg,فلوشیپ جراحی ستون فقرات,2.5,0,,,0.0
task01_00316,sent_004752,مشکل تنیس البوم بود ولی هنوز رفع نشده و مجبور شدم به دکتر دیگر مراجعه کنم و وقت اینترنتی اصلا زمانی نیس که ثبت میش و بیمار انتخاب می‌کند من ساعت 5 30 وقت گرفته بودم اینترنتی اما ساعت 8 نوبت من شد,-1.0,service_neg,فلوشیپ جراحی دست - آرنج ، شانه و اعصاب محیطی,2.5,0,,,-1.0
task01_00762,sent_004761,دکترخوبی است 2 بارویزیت شدم معاینات دقیق انجام می‌شود فقط معطلی زیاد داره هنوزنتیجه دلخواه 50 درصد حاصل‌شده است,0.0,high_neg,متخصص مغز و اعصاب و ستون فقرات,2.5,0,,,0.0
task01_00072,sent_004769,انسان شریف و متخصص,1.0,topup_pref,فلوشیپ جراحی ستون فقرات,2.5,0,,,1.0
task01_00069,sent_004771,برای مشکل عدم نعوظ مراجعه کردم دوماه داروخوردم اصلت نتیجه نگرفتم,-1.0,high_neg,فلوشیپ کلیه و مجاری ادراری تناسلی,2.5,0,,,-1.0
task01_00309,sent_004772,جراحی انگشت,0.0,rate_neg,جراح ارتوپد ،فلوشیپ لگن ، ران ، تعویض مفصل,2.5,0,,,0.0
task01_00040,sent_004773,امروز عمل تنگی کارپال دارم,0.0,topup_pref,جراح ارتوپد و فلوشیپ جراحی دست-شانه ،ارنج,2.5,0,,,0.0
task01_00064,sent_004802,چربی زیر پوست,0.0,random,متخصص پوست ، مو ، زیبایی و لیزر,5.0,0,,,0.0
task01_00755,sent_004810,راضی نبودم به این علت که اصلا گوش نمیکردن که من مشکلم رو بگم و مرتبا حرف خودشون رو تکرار میکردن و مشکلم حل نشد,-1.0,high_neg,متخصص زنان و زایمان,2.5,0,,,-1.0
task01_00702,sent_004849,درود همسر من مشکل پوستی داره دارو نوشتن ولی درمان نشده,-1.0,high_neg,متخصص پوست و مو,2.5,0,,,-1.0
task01_00280,sent_004851,یکبار بیشتر نرفتیم,0.0,rate_neg,فلوشیپ جراحی ستون فقرات,2.5,0,,,0.0
task01_00484,sent_004899,استرس هنوز بهتر نشدن,0.0,high_neg,متخصص مغز و اعصاب و ستون فقرات,2.5,0,,,0.0
task01_00076,sent_004928,گوش پسرم چرک داشت دارو دادند خوب شد,1.0,random,متخصص و جراح گوش و حلق و بینی,5.0,0,,,1.0
task01_00004,sent_004977,فعلا یکبار ویزیت شدم,0.0,service_neg,فلوشیپ جراحی شانه و آرنج,2.5,0,,,0.0
task01_00164,sent_004990,دکتر خوب و خوش‌برخورد معطلی در مطب برای ویزیت بسیار کم,1.0,mid_neg,متخصص زنان و زایمان,5.0,0,,,1.0
task01_00782,sent_005010,دکتر مهربون و حرفه‌ای هستن من حدود 3 ماهه برای عفونت تحت درمانم و باید همچنان ادامه بدم تا ببینم به نتیجه میرسه یا نه فقط اینکه زمان معطلی در مطب برای نوبتم همیشه خیلی زیاده و بیش از 1 ساعته,1.0,high_neg,جراح و متخصص زنان ، زایمان و نازایی,2.5,0,,,1.0
task01_00313,sent_005020,درد کتف که با تزریق و استراحت برطرف شد,0.0,topup_pref,متخصص ارتوپدی ، فلوشیپ جراحی زانو,2.5,0,,,0.0
task01_00190,sent_005109,پزشک با علم روزی هستند ولی زمان انتظار در مطب علیرغم اخذ نوبت طولانی می‌باشد,1.0,service_neg,فلوشیپ جراحی پا و مچ پا ، متخصص ارتوپدی,2.5,0,,,1.0
task01_00212,sent_005114,فعلآ در مرحله ویزیت هیتم,0.0,service_neg,فلوشیپ سرطانهای دستگاه ادراری (کرایو تراپی در مطب),2.5,0,,,0.0
task01_00737,sent_005214,خانم دکتر خوش‌برخورد بودند و با دقت به سوالات جواب می‌دادند تنها مساله این بود که ویزیت با دو ساعت معطلی از وقتی انجام شد که قبلا تعیین‌شده بود,1.0,high_neg,متخصص پوست ، مو ، زیبایی و لیزر,2.5,0,,,1.0
task01_00091,sent_005277,بسیار دکتر خوب دقیق مهربانی هستن و نوبت دهی به موقع و سر ساعت بدون مشکل,1.0,service_neg,جراح و متخصص زنان ، زایمان و نازایی,5.0,0,,,1.0
task01_00009,sent_005287,پزشک خوبی هستند ولی من درمانم رو کامل نکردم,1.0,rate_neg,متخصص مغز و اعصاب و ستون فقرات,2.5,0,,,1.0
task01_00225,sent_005317,بهترین دک,1.0,high_pos,جراح و متخصص زنان زایمان و نازایی,5.0,0,,,1.0
task01_00165,sent_005337,تا حالی آشنا نشدم ندیدم بار اولمه,0.0,rate_neg,فلوشیپ اورولوژی ترمیمی و جراحی مجاری ادراری,2.5,0,,,0.0
task01_00169,sent_005366,دکتر خوبی هستن ارامش دارن واینکه الکی سونوگرافی وهزینه اضافی برای بیمار نمیتراشن باتوجه به اینکه این هزینه‌ها الان خیلی بالا هست واقعا اگه نیاز باشه میفرسته من در دوره مراقبت بارداری هستم,1.0,mid_neg,متخصص زنان و زایمان,5.0,0,,,1.0
task01_00236,sent_005393,من پیش ایشون تزریق سلول بنیادی با کشیدن چربی از دور ناف و تزریق به زانوهام انجام دادم و فعلا یک هفته گذشته بایستی منتظر نتیجه باشم ولی در کل خوش‌اخلاق هستند و حاذق امید به خدا که تزریق من نتیجه‌بخش باشه حتما مجدد نظرم رو خواهم گفت,1.0,mixed,متخصص ارتوپدی ، جراحی استخوان ومفاصل,5.0,0,,,1.0
task01_00098,sent_005456,تنبلی تخ,0.0,rate_neg,متخصص جراحی زنان و زایمان و نازایی,2.5,0,,,0.0
task01_00268,sent_005477,فعلا تازه مراجعه کردم منتظر نتیجه هستم,0.0,high_neg,جراح و متخصص زنان زایمان نازایی,2.5,0,,,0.0
task01_00017,sent_005484,عمل کردم تحت درمانم هنوز,0.0,rate_neg,جراح کلیه، مجاری ادراری، تناسلی و پروستات ، اورولوژی,2.5,0,,,0.0
task01_00465,sent_005504,خیلی نسخه‌های گرونی تجویز میکنه و دستمزد تزریقات خیلی خیلی بالا,-1.0,high_neg,متخصص پوست ، مو ، زیبایی و لیزر,2.5,0,,,-1.0
task01_00156,sent_005506,عالی من عفونت داشتم ظرف یک هفته خوب شدم,1.0,high_pos,متخصص زنان و زایمان و نازایی,5.0,0,,,1.0
task01_00232,sent_005566,تیک چشمی فعلا اوایل هست و تشخیصی انجام‌نشده تا ببینم چی میشه در ویزیت دوم,0.0,service_neg,متخصص مغز و اعصاب (نورولوژی)، عضو انجمن صرع ایران,2.5,0,,,0.0
task01_00148,sent_005583,فقط یک‌بار ویزیت شدم برخورد ایشان مطلوب و مسوولانه بود,0.0,service_neg,جراح گوش ، حلق و بینی,2.5,0,,,0.0
task01_00205,sent_005597,اصلا ویزیت نشدم 100 تومنم دادم دیگه برگشت داده نشد,-1.0,service_neg,متخصص ارتوپدی - جراحیهای تخصصی زانو و لگن - تعویض مفصل,2.5,0,,,-1.0
task01_00166,sent_005609,با آزمایشگاه جالبی کار نمی‌کنند,0.0,rate_neg,متخصص زنان ، زایمان و نازائی,2.5,0,,,0.0
task01_00264,sent_005620,ناباروری ولی باردارنشدم,-1.0,topup_pref,متخصص زنان و زایمان,2.5,0,,,-1.0
task01_00145,sent_005652,انتظار زیاد,0.0,service_neg,متخصص اورولوژی ( جراح کلیه و مجاری ادرار ),2.5,0,,,0.0
task01_00283,sent_005691,عمل شانه راست نتیجه تازه عمل کردم معلوم نیست,0.0,rate_neg,متخصص ارتوپدی . فلوشیپ جراحی شانه و آرنج,2.5,0,,,0.0
task01_00659,sent_005706,عمل تعویض مفصل انجام دادم خوب بود اما راه رفتنم بعد از سه سال طبیعی نشده و بدون عصا خیلی بد راه میرم,-1.0,high_neg,فلوشیپ جراحی هیپ و لگن,2.5,0,,,-1.0
task01_00188,sent_005774,با بیمه قرارداد نداشتند و این نکته در رزرو نوبت اعلام‌نشده و بیمار در عمل انجام‌شده قرار می‌گیرد و ناچار به پرداخت هزینه گزاف است,-1.0,high_neg,متخصص گوش حلق بینی ، فلوشیپ جراحی گوش,2.5,0,,,-1.0
task01_00167,sent_005792,شوره سر داشتم و با اولین ویزیت درمان شدم,1.0,topup_pref,متخصص پوست و مو و زیبایی و لیزر,5.0,0,,,1.0
task01_00070,sent_005796,در حال ویزیت کردن هستم فعلا,0.0,service_neg,فلوشیپ جراحی ستون فقرات,2.5,0,,,0.0
task01_00207,sent_005797,پیچ‌خوردگی پا,0.0,topup_pref,متخصص جراحی استخوان و مفاصل ارتوپدی,2.5,0,,,0.0
task01_00071,sent_005803,من ریزش مو و جوش صورت داشتم البته جوشای صورتم زیاد نبود در حد چهار پنج تا که داروی جوش صورت خوب بود برطرف شد اما برای ریزش مو اصلا خوب نبود من ریزش موم قطع نشد,-1.0,high_neg,متخصص پوست ، مو ، زیبایی و لیزر,2.5,0,,,-1.0
task01_00180,sent_005824,در وقت دهی و مشاوره قبل از ویزیت بسیار ضعیف هستن بارها رفتم و پشت در موندم و بعد تماس وقتم رو کنسل کردم به این خاطر دیگه نمیرم باوجودی که از روند بهبود بیماریم راضیم,-1.0,high_neg,جراح و متخصص زنان و زایمان و نازایی,2.5,0,,,-1.0
task01_00184,sent_005834,خود خانم دکتر بسیار محترم و خوش‌برخورد هستن ولی منشی بعد از 4 روز از تعیین وقت زنگ زد گفت چون از سایت وقت گرفتید بین مریض حساب میشید در ضمن هزینه ویزیت رو باید نقدی حساب کنید,0.0,high_neg,متخصص زنان و زایمان و نازایی,2.5,0,,,0.0
task01_00652,sent_005872,سلام خیلی گرون حساب میکنه وحشتناک,-1.0,high_neg,متخصص جراحی استخوان و مفاصل (ارتوپدی),2.5,0,,,-1.0
task01_00011,sent_005950,نوبت دوم دکتر خوبی‌ان شا الله ک حامله بشم ده سال سابقه نازای دارم,1.0,service_neg,جراح زنان ، زایمان,2.5,0,,,1.0
task01_00276,sent_005980,خیلی شلوغ,0.0,high_neg,فلوشیپ انکولوژی زنان ، لاپاروسکوپی و کولپوسکوپی,2.5,0,,,0.0
task01_00008,sent_005995,یک نوبت ویزیت شده‌ام,0.0,service_neg,جراح کلیه مجاری ادراری پروستات و ناباروری,2.5,0,,,0.0
task01_00027,sent_006126,با دقت به حرفهای شما گوش می‌کنم و نسخه دقیق و درست هم ارائه می‌فرمایند ایشان را به دیگران معرفی و پیشنهاد می‌کنم,1.0,mid_neg,متخصص پوست ، مو ، لیزر,5.0,0,,,1.0
task01_00133,sent_006165,گرفتگی عصب دست,0.0,rate_neg,متخصص ارتوپدی ، جراح استخوان و مفاصل,2.5,0,,,0.0
task01_00131,sent_006197,دکتر با تجربه ایی بود و همانطور که فرمودن نگرانی ما درمورد راه رفتن کودکمون بی‌مورد بود و خدا رو شکر کاملا خوب شد,1.0,mid_neg,فلوشیپ ارتوپدی اطفال,5.0,0,,,1.0
task01_00146,sent_006212,قاعدگی نامنظم فعلا نتیجه نگرفتم,-1.0,high_neg,جراح و متخصص زنان و زایمان و نازایی,2.5,0,,,-1.0
task01_00079,sent_006228,بسیار عالی ولی بدیشون اینه که انتر‌ها ویزیت میکنن با دکتر نمیشه صحبت کرد,1.0,service_neg,فلوشیپ جراحی استخوان و مفاصل کودکان (ارتوپدی کودکان),2.5,0,,,1.0
task01_00193,sent_006230,سلام من قبلاویزیت شدم کارش عالی هستش,1.0,topup_pref,متخصص گوش حلق و بینی,5.0,1,,,1.0
task01_00052,sent_006236,مطبشون شلوغه اما دکتر و پرسنل بشدت عالی هستن,1.0,mixed,متخصص پوست ، مو ، زیبایی و لیزر,5.0,0,,,1.0
task01_00022,sent_006282,مشکل جوش داشتم که در حال درمانم هنوز نمیتونم نظر قطعی بدم,0.0,rate_neg,متخصص پوست ، مو ، زیبایی و لیزر,2.5,0,,,0.0
task01_00706,sent_006286,در طاهر موجه اما دنبال هزینه تراشیدن زیاد برای بیماران نااگاه سهرستانی در کلینیک میر است,-1.0,high_neg,متخصص جراحی استخوان و مفاصل (ارتوپدی),2.5,0,,,-1.0
task01_00037,sent_006321,تشخیص ایشون خوب بود ولی کرمی که نوشتن فوق‌العاده گران بود چون دست‌ساز نوشته بودن می‌شد با یک کرم ساده که در داروخانه‌ها هست کار را جمع کرد من کرم آماده داروخانه را گرفتم برای رفع لک,0.0,high_neg,متخصص پوست و مو (درماتولوژی),2.5,0,,,0.0
task01_00106,sent_006367,خیلی معطلی داره اگه یکم به فکر مراجعین باشند بد نیست تو این زمونه 4 ساعت تو نوبت بشینی با اینکه از قبل وقت گرفتی قابل توجیه نیست,-1.0,high_neg,فلوشیپ ارتوپدی و جراحی ستون فقرات,2.5,0,,,-1.0
task01_00054,sent_006431,برای اولین بار به خانم دکتر مراجعه کردم,0.0,topup_pref,متخصص زنان و زایمان - فلوشیپ نازایی,2.5,0,,,0.0
task01_00256,sent_006443,من یک‌دفعه ویزیت شدم ولی برخورد بسیار عالی داشتند,1.0,topup_pref,متخصص ارتوپدی - جراح زانو و هیپ,5.0,0,,,1.0
task01_00210,sent_006463,برای دیدن دکتر هفت خوان رد می‌کنی بعدم بنظرم کارهایی انجام میشه که بیشتر بخاطر گرفتن هزینه از بیمارهاست,-1.0,high_neg,جراح و متخصص استخوان و مفاصل (ارتوپد),2.5,0,,,-1.0
task01_00159,sent_006468,می‌شناسم دکتر مورد قبول لرای جراحی میباسد,1.0,rate_neg,متخصص جراحی استخوان و مفاصل (ارتوپدی),2.5,0,,,1.0
task01_00600,sent_006476,برای ویزیت مبلغ بیشتری از تعرفه مصوب دریافت کردن و گفتن برای تشکیل پرونده که اصلا منطقی نیست با حوصله بودن ولی هنوز زمان مصرف داروهام نرسیده,1.0,service_neg,جراح و متخصص زنان و زایمان و نازایی,2.5,0,,,1.0
task01_00293,sent_006478,نارسایی کلیه درمان,0.0,random,متخصص اورولوژی - فلوشیپ اندویورولوژی و لاپاراسکوپی,5.0,0,,,0.0
task01_00228,sent_006489,سلام بنده مشکل خشکی و اگزما پوستی داشتم که با ویزیت دکتر بزرگوار در متر از یک هفته بهبودی حاصل شد,1.0,topup_pref,متخصص پوست و مو و زیبایی,5.0,0,,,1.0
task01_00214,sent_006493,سلام ماه دوم باردارم لکه بینی صورتی دارم چندروز یک‌بار خیلی نگرانم بعداز 6 سال حامله شدم توراخدا رانمایم کن چکارکنم,0.0,mid_neg,جراح و متخصص زنان و زایمان ، نازایی,5.0,0,,,0.0
task01_00527,sent_006508,ایشان بسیار بی‌حوصله هستند و بیماران را همیشه منتظر خود می‌گذارند و اگر بیمار سوال می‌پرسد ایشان می‌گویند از منشی بپرسید,-1.0,high_neg,متخصص ارتوپدی ( جراح استخوان و مفاصل ),2.5,1,,,-1.0
task01_00130,sent_006515,دکتر خوشرو و به نظر با سواد میاد خیلی وقت میذارن برای بیمار در واقع زیادی وقت میذارن و همین باعث شد من 4 ساعت منتظر بمونم فعلا دارم میرم جلو و نتیجه درمان مشخص بشه میتونم نظر نهایی رو در مورد تشخیص ایشون بدم,1.0,service_neg,جراح و متخصص ارتوپدی,5.0,0,,,1.0
task01_00644,sent_006554,تاخیر در پریود تحت درمان هستم,0.0,high_neg,جراح و متخصص زنان و زایمان و نازایی,2.5,0,,,0.0
task01_00253,sent_006569,سلام خوب بودند,0.0,rate_neg,متخصص مغز و اعصاب (نورولوژی)، عضو انجمن صرع ایران,2.5,0,,,0.0
task01_00038,sent_006594,من کاشت مو انجام دادم پیش شما و خیلی راضی‌ام ممنون از خانم دکتر یزدانی و تیم حرفه‌ای ایشون,1.0,mixed,متخصص پوست ، مو ، زیبایی,5.0,0,,,1.0
task01_00041,sent_006620,مشکل تاخیر در قائدگی داشتم,1.0,mid_neg,جراح و متخصص زنان ، زایمان و فلوشیپ ناباروری,5.0,0,,,1.0
task01_00162,sent_006644,اسپاسم شدید پای دخترم خوب بودن,1.0,rate_neg,متخصص جراحی استخوان و مفاصل ( ارتوپدی ),2.5,0,,,1.0
task01_00143,sent_006652,باعرض سلام من محمدرضا آزادی هستم هفت بهمن عمل رباط صلیبی و منیسک پای راستم پیش دکتر شهرستانی انجام دادم کرمانشاه زندگی می‌کنم توی شهر خودم حقیقت به هیچ پزشکی اعتماد نداشتم اما من عملهای دکتر شهرستانی هم ازاینستاگرام دیدم و هم توی مطب باهاشان صحبت کردم خوشبختانه بارضایت کامل رفتم پیش دکتر وعمل پام انجام داد خدا رو شکر الان حدودپنج هفته از عملم میگذره خوب خوبم واز دکتر تشکر ویژه دارم خدا بهت سلامتی وعزت بده,1.0,service_neg,متخصص جراحی استخوان و مفاصل(ارتوپد),5.0,0,,,1.0
task01_00291,sent_006692,فعلا تحت درمان هستم نظری نمیتونم بدم,0.0,rate_neg,جراح گوش ، حلق و بینی,2.5,0,,,0.0
task01_00218,sent_006697,در زمان جنگ پیش خانم دکتر رفتم برای آمینوسنتز خیلی نگران بودم بخاطر اینکه تمامی مراکز بسته بودند ولی دکتر محرابی حضور داشتند باعث دلگرمی من شدند کارم و با دقت انجام دادند مطب شون محیطی آرام و پرسنل خوب و مهربان که باعث آرامشم شدند و هیچ وقت فراموش نمی‌کنم,1.0,mid_neg,فلوشیپ طب مادر و جنین (پریناتولوژی),5.0,0,,,1.0
task01_00247,sent_006701,عفونت مزمن چندین ساله داشتم که به لطف درمان ایشان خوب شدم با آرامش و دانا و انسانی بزرگوار,1.0,high_pos,جراح و متخصص زنان و زایمان,5.0,0,,,1.0
task01_00046,sent_006719,برای گوش رفتم دکتر خوبی هستن فقط نوبت دهی ضعیفی,0.0,service_neg,جراح گوش و حلق و بینی,2.5,0,,,0.0
task01_00108,sent_006732,بسیار حاذق و دقیق هستن خانم دکتر شفیعیان کمک بزرگی کردن به من وقتی‌که از لحاظ جسمی و روحی شرایط خیلی بدی داشتم تا همیشه ممنونم از لطف و مهربانیشون,1.0,mixed,جراح و متخصص زنان و زایمان ، نازایی,5.0,0,,,1.0
task01_00303,sent_006740,تشخیصشان خوب بود,1.0,rate_neg,متخصص مغز و اعصاب و ستون فقرات,2.5,0,,,1.0
task01_00686,sent_006747,سلام من دارو استفاده کردم تا الان هیچ تغییری نکردم هنوز کمر درد رو دارم,-1.0,high_neg,فلوشیپ ستون فقرات و توانبخشی ، متخصص طب فیزیکی,2.5,0,,,-1.0
task01_00158,sent_006761,فقط ویزیت شدم دیگه کارشو ندیدم,0.0,topup_pref,متخصص و جراح پوست ، مو و زیبایی و لیزردرمانی,5.0,0,,,0.0
task01_00042,sent_006776,دقیق با سواد و صبور ومحترم مطب تمیز و منشی بسیار مهربان,0.0,topup_pref,متخصص مغز و اعصاب ( نورولوژی ),5.0,0,,,0.0
task01_00450,sent_006787,دستم پارگی شدید نداشته ایشون پی از پی انجام دادن بهتر که نشدم بدتر هم شدم فقط کلی هزینه کردم,-1.0,high_neg,متخصص ارتوپدی و جراحی مفاصل و استخوان,2.5,0,,,-1.0
task01_00295,sent_006790,فعلا منتظرتونم آزمایش هستیم,0.0,high_neg,متخصص و جراح زنان و زایمان و نازایی,2.5,0,,,0.0
task01_00057,sent_006800,اولین دکتر پوستی بودن که برای من آزمایش هورمونی نوشتن اصلا کرم‌های گرون و الکی تجویز نمیکنن و خیلی به فکر بیمار هستن,1.0,mid_neg,متخصص بیماریهای پوست و مو و لیزر,5.0,0,,,1.0
task01_00084,sent_006840,جوش نوجوانی دخترم,0.0,rate_neg,متخصص پوست و مو,2.5,0,,,0.0
task01_00315,sent_006859,پزشک با اخلاق,1.0,topup_pref,جراح مغز و اعصاب و ستون فقرات,2.5,0,,,1.0
task01_00224,sent_006886,استرس واظطراب وحال خیلی بد الان 3 ساله تحت نظر ایشون هستم وخیلی راضیم,1.0,high_neg,متخصص مغز و اعصاب (نورولوژیست),5.0,0,,,1.0
task01_00110,sent_006892,گوش‌درد و تحت درمان,0.0,rate_neg,جراح و متخصص گوش و حلق و بینی,2.5,0,,,0.0
task01_00080,sent_006908,فعلا جهت تشخیص اقدامات پاراکلنیکی دارم انجام می‌دم,0.0,rate_neg,متخصص مغز و اعصاب و ستون فقرات,2.5,0,,,0.0
task01_00129,sent_006913,مشکل دست عمل کردن خوب بود,0.0,rate_neg,جراح و متخصص ارتوپدی - فلوشیپ جراحی دست,2.5,0,,,0.0
task01_00242,sent_006914,خیلی دکتر مهربون و خوش‌اخلاق بیمار آروم میکنن بدون هیچ وارد کردن استرسی مطبشون مکانی کاملا آروم با پرسنلی کاملا محترم,1.0,service_neg,متخصص زنان و زایمان,5.0,0,,,1.0
task01_00086,sent_006954,برای درمان ناباروری مراجعه کردم و یک ماه هنوز نتیجه نگرفتم ولی دکتر خیلی خوبی هستند خوش‌اخلاق و مهربون,0.0,mid_neg,متخصص و جراح زنان و زایمان ، نازایی - دارای بورد تخصصی,5.0,0,,,0.0
task01_00073,sent_006964,نوار عصب همانجا انجام می‌شود بسیار عالی,1.0,high_pos,متخصص مغز و اعصاب و ستون فقرات,5.0,0,,,1.0
task01_00477,sent_007009,منتظرم جواب آزمایش ببرم پیشش,0.0,high_neg,جراح و متخصص زنان ، زایمان,2.5,0,,,0.0
task01_00248,sent_007013,سردرد داشتم,0.0,random,متخصص مغز و اعصاب (نورولوژی)، عضو انجمن صرع ایران,5.0,0,,,0.0
task01_00282,sent_007018,اخلاق خیلی خوب صبر و متانت در برخورد با بیمار گوش دادن به صحبت‌های بیمار از بهترین ویژگی‌های آقای دکتر هستش,1.0,high_pos,متخصص مغز و اعصاب (نورولوژی),5.0,0,,,1.0
task01_00300,sent_007020,بسیار دکتر خوش‌برخورد و محترمی هستن علاوه بر اینکه کامل مشکل رو گوش میکنن و به همه سوالات جواب میدن در مورد علت مشکل و راه‌های درمان هم خیلی مفصل توضیح میدن آنتایم بودنشون و بدون معطلی هم واقعا ویژگی مهمی برای منه من مشکل خونریزی بینی داشتم که با تجویز چند کرم و پماد ایشون الحمدلله 3 4 روزه برطرف شد,1.0,service_neg,جراح و متخصص گوش و حلق و بینی,5.0,0,,,1.0
task01_00304,sent_007065,با توجه به تجربیات بد گذشتهام در مطب‌های دیگر متخصص زنان باید بگم که خیلی حس خوبی داشتم خانم دکتر خیلی آرام و واقعا متخصص هستند از رفتار و احترامشون مچکرم,1.0,service_neg,متخصص زنان و زایمان,5.0,1,,,1.0
task01_00137,sent_007068,برای لوزه هام رفتم قرص دادند بر طرف شد ولی چند ماه باید قرص مصرف کنم و در صورتی که خوب نشد عمل انجام میدن,0.0,topup_pref,متخصص گوش و حلق و بینی,2.5,0,,,0.0
task01_00139,sent_007077,درد دست هنوز یکباررفتم,0.0,rate_neg,فلوشیپ جراحی شانه و آرنج,2.5,1,,,0.0
task01_00233,sent_007129,بهترینن در کارشون,1.0,high_pos,متخصص پوست و مو,5.0,0,,,1.0
task01_00220,sent_007159,خوبه ولی نوبت خیلی مطب بی نظمی دارن منشی‌ها اشنا هارو زود‌تر میفرستن داخل,0.0,service_neg,متخصص جراحی استخوان و مفاصل ارتوپدی,2.5,0,,,0.0
task01_00003,sent_007182,در دست اقدام می‌باشد,0.0,rate_neg,متخصص پوست و مو,2.5,0,,,0.0
task01_00296,sent_007213,در حالل ررسی است,0.0,topup_pref,متخصص زنان ، زایمان نازایی,2.5,0,,,0.0
task01_00050,sent_007220,برای دیسک کمر و گردن رفتم بعد از دیدن‌ام ار‌ای گفتن مشکل خاصی نداری زمان معاینه یجوری رگ سیاتیکمو فشار دادن که تا چند روز یطرفم درد می‌کرد,0.0,rate_neg,متخصص مغز و اعصاب و ستون فقرات,2.5,0,,,0.0
task01_00114,sent_007247,ابشون بسیار با حوصله با بیمار رفتار میکنن وتشخیص شون درست وبرای بیمار هزینه تراشی بی‌مورد نمیکنن,1.0,mid_neg,جراح و متخصص ارتوپدی,5.0,0,,,1.0
task01_00245,sent_007282,پسرم مشکل حنجره داشت ک باید لیزر می‌شد قبل از ایشون پیش چند تا دکتر بردم لیزر شد ولی هیچ تغییری نکرد ولی با اولین لیزرایشون پسرم خیلی بهتر شد خدا خیرش بده,1.0,mixed,فلوشیپ حنجره ، گوش و حلق و بینی,5.0,0,,,1.0
task01_00266,sent_007301,3 بار مراجعه کردم و نتیجه نگرفتم داره زمین گیرم میکنه 35 سالمه,-1.0,high_neg,متخصص جراحی استخوان و مفاصل(ارتوپد),2.5,0,,,-1.0
task01_00127,sent_007327,من مادرم وضیت خیلی بدی داشت زانو درد شدید هرشب با گریه‌های مادرم از خواب بیدار می‌شدم زندگیم کابوس شده بود و زجه‌های مادرم دکتر شهرستانی معجزه خدا بود برای زندگی ما مادرم بعد عمل پاش عالی شد مادرم توانایی راه رفتن رو دوباره به دست اورد دکتر شهرستانی ممنونتم واقعا ممنونتونم که با خوشرویی تمام با مریضاتون برخورد می‌کنی و امید زندگی رو بهمون میدین واقعا یه دونه‌ای,1.0,mixed,متخصص جراحی استخوان و مفاصل(ارتوپد),5.0,0,,,1.0
task01_00122,sent_007331,بعد عمل خیلی می‌ترسیدم که فایده نداشته باشه اما الان 2 ماه گذشته و من ورزش هم می‌کنم,1.0,mid_neg,فلوشیب زانو و آسیبهای ورزشی شانه و زانو,5.0,0,,,1.0
task01_00281,sent_007335,هنوز مشخص نیست,0.0,rate_neg,متخصص ارتوپدی و فلوشیپ جراحی زانو,2.5,0,,,0.0
task01_00277,sent_007343,توصیه به کاشت مو,0.0,high_neg,متخصص پوست و مو,2.5,0,,,0.0
task01_00015,sent_007348,لکه پوستی و جوش,0.0,rate_neg,متخصص پوست ، مو ، زیبایی و لیزر,2.5,0,,,0.0
task01_00208,sent_007370,بسیار عالی بودند تنها نقطه‌ضعف معطلی بسیار زیاد در مطب است,1.0,mixed,متخصص پوست ، مو ، زیبایی و لیزر,5.0,0,,,1.0
task01_00118,sent_007405,پسر بنده پیش دکتر دیگری ختنه‌کرده بودن و نگرانی‌هایی داشتم پیش آقآی دکتر رفتیم معاینه کردن و با وجدان کاری و روی خوش‌خیال ما رو راحت کردن که مشکلی نداره بهترین دکتر از نظر تخصص و اخلاق پزشکی ایشون رو دیدم خدا حفظشون کنه,1.0,mixed,متخصص جراحی کلیه و مجاری ادراری,5.0,0,,,1.0
task01_00318,sent_007415,برای آسیب عصب سیاتیک مراجعه کردم و راضی نبودم,-1.0,high_neg,متخصص جراحی مغز و اعصاب دیسک و ستون فقرات,2.5,0,,,-1.0
task01_00305,sent_007466,من بیمار دکتر فرحناد بودم بخاطر برخورد بسیار بد منشی رفتم مطب دکتر نیکفرجام برخورد منشیشون اینقدر خوب و دلنشین بود که کلا دیگه میرم زیر نظر دکتر نیکفرجام واقعا مثل منشیشون کم هست خدا حفظشون کنه,1.0,service_neg,متخصص زنان زایمان و نازایی,5.0,0,,,1.0
task01_00298,sent_007502,مشکل سردرد هنوز چیزی معلوم نیست,0.0,rate_neg,متخصص مغز و اعصاب و ستون فقرات,2.5,0,,,0.0
task01_00299,sent_007525,تعریف یا واژه بهتر ایشان دست شفا از طرف خدا برای بیمارهایش هست من از دیگران متخصص بودنش را شنیده‌ام,1.0,mixed,متخصص جراحی مغز و اعصاب,5.0,0,,,1.0
task01_00508,sent_007528,پزشکان امروزه به دید مشتری به بیمار نگاه می‌کنند واین جای تاسف زیادی داره دراولین مراجعه من بدون اینکه درخواستی داده باشم ازمن سنو گرفتند و 3 400 هزینه ویزیت وسنو شد واقعا شوک شدم ازاینهمه بی عدالتی,-1.0,high_neg,جراح و متخصص زنان ، زایمان و فلوشیپ ناباروری,2.5,0,,,-1.0
task01_00756,sent_007535,بله prp انجام دادم هنوز کامل نتیجه نگرفتم چون درمان ادامه داره امیدوارم بعدا رضایت داشته باشم,0.0,high_neg,متخصص و جراح پوست ، زیبایی و لیزر,2.5,0,,,0.0
task01_00844,sent_007563,مطب بسیار شلوغه و نوبت دهی بر اساس وقت‌های تعیین‌شده در سایت نیست,-1.0,high_neg,متخصص پوست ، مو ، زیبایی و لیزر,2.5,0,,,-1.0
task01_00805,sent_007608,عمل ستون فقرات داشتم فعلا نمی‌توانم چیزی بگویم منتظر زمانم,0.0,high_neg,فلوشیپ جراحی ستون فقرات و متخصص ارتوپدی,2.5,0,,,0.0
task01_00297,sent_007630,دکتر خوب وخوش اخلاق و تجربیات خیلی زیادی داشتن نسبت به دکترهای دیگه که در حد چند دقیقه معمولی چک می‌کنن,1.0,rate_neg,فلوشیپ ناباروری,2.5,0,,,1.0
task01_00216,sent_007672,حالم خیلی بد بود تا حدی که می‌خواستم خودکشی کنم و به کارهای خونه و بچه‌ها نمیتونستم برسم ولی الان خیلی بهترم,1.0,high_neg,متخصص مغز و اعصاب ( نورولوژی ),5.0,0,,,1.0
task01_00140,sent_007683,جوش صورت و درمان شد و دخترم زخم صورت و با کمترین هزینه درمان شد,1.0,mid_neg,متخصص پوست و مو,5.0,0,,,1.0
task01_00793,sent_007694,مطب بسیار شلوغ ساعت انتظار طولانی,-1.0,high_neg,متخصص ارتوپدی فلوشیپ جراحی زانو,2.5,0,,,-1.0
task01_00271,sent_007717,فعلا هنوز‌ام ار‌ای دادند,0.0,topup_pref,فلوشیپ جراحی شانه و آرنج,2.5,0,,,0.0
task01_00284,sent_007767,مراقبت قبل از بارداری و خوب بود,1.0,rate_neg,جراح و متخصص زنان و زایمان و نازایی,2.5,0,,,1.0
task01_00290,sent_007808,اصلا جواب تلفن نمیدن چهار روز دارم مدام زنگ می‌زنم,-1.0,service_neg,فلوشیپ جراحی زانو,2.5,0,,,-1.0
task01_00123,sent_007834,سلام من رفتم مطب دکتر علیزاده نبود دکتر صالح حبیبی بود وقت میزاره برا بیمار که حرف بزنه وتشخیص دقیق داد نتیجه گرفتم خیلی ممنونم ازش خدا خیرش بده,1.0,service_neg,متخصص و جراح گوش و حلق و بینی و سر و گردن,5.0,0,,,1.0
task01_00163,sent_007835,برای لوزه دخترم نوبت عمل دادن برخورد و توضیحات خیلی خوب بود,1.0,topup_pref,متخصص گوش و حلق و بینی,5.0,0,,,1.0
task01_00287,sent_007862,سردرد‌های حمله‌ای و شدید دخترم باعث شد از کاشان به حضور ایشان بیام از نسخه اول بسیار راضی هستم,1.0,mid_neg,فوق تخصص مغز و اعصاب کودکان ، استاد دانشگاه,5.0,0,,,1.0
task01_00255,sent_007882,پسرم لوزه داشت و دکتر با دارو درمان کرد,0.0,topup_pref,جراح گوش ، حلق و بینی,2.5,0,,,0.0
task01_00036,sent_007892,فعلا در حال ویزیت هستم,1.0,topup_pref,جراح و متخصص استخوان و مفاصل (ارتوپد),5.0,0,,,1.0
task01_00153,sent_007914,مطب بسیار شلوغ بود,0.0,high_neg,جراح و متخصص زنان ، زایمان و نازایی,2.5,0,,,0.0
task01_00001,sent_007920,درد شدید کمر,0.0,topup_pref,جراح مغز و اعصاب و ستون فقرات,2.5,0,,,0.0
task01_00051,sent_007929,بثورات پوستی دوتا دکتر تشخیص اشتباه دادن ایشون تشخیص ویروس دادن و گفتن خودش خوب میشه و رو به بهبودم هستم,1.0,high_neg,متخصص پوست و مو ، زیبایی و لیزر,5.0,0,,,1.0
task01_00261,sent_007933,جراحی دیسک فعلا نتیجه نگرفتم,0.0,mid_neg,فلوشیپ جراحی ستون فقرات,5.0,0,,,0.0
task01_00178,sent_007957,برای اقدام به بارداری,0.0,topup_pref,متخصص زنان و زایمان ( فلوشیپ نازایی )، IVF و لاپاراسکوپی,2.5,0,,,0.0
